BAARDA DAIRY,3895 Star Rd,Meridian ID 83646
BLACK CAT DAIRY ,,
COPPINI JERSEY DAIRY,,
DARRELL LEE ROBERTSON,,
DON HEIDA DAIRY ,,
EAGLE RIDGE DAIRY ,,
KASPER LAND & CATTLE ,,
L & V ,,
LIBERTY RANCH # 1,,
LIBERTY RANCH ,,
SNAKE RIVER DAIRIES ,,
SWAN FALLS DAIRY,,
TOLEDO DAIRY,,
VANDERSCHAAF FARMING ,,
VANDERSCHAAF FARMS ,,
BARNES DAIRY ,,
MERRILL RANCH ,,
3 MILE DAIRY,,
EBORN MIDNIGHT VISTA DAIRY,,
GLADE C HYMAS,,
HEART-O-ROSE DAIRY,,
HYMAS DAIRY,,
L K DAIRY,,
MAHOGANY RIDGE DAIRY FARM,,
ROBERTS RANCH,,
8 Total Producer(s),,
Bingham County,,
BRENT & DAVID HATCH,,
CEDAR ARCH DAIRY,,
DAN-DE HOLSTEINS,,
DIAMOND 3 DAIRY,,
GENTILLON ,,
KURT BINGHAM,,
LEHMAN FARMS,,
NORTH CEDAR ARCH DAIRY,,
RONALD GENTILLON,,
SHELLEY DAIRY ,,
WINFIELD ANDERSON,,
WOLFLEY FARMS & DAIRY,,
REEDS DAIRY  FARM,,
PROVIDENT FARM  - COLLETT,,
LITTLE LOST DAIRY,,
AU RESEARCH ,,
BERANNA DAIRY,,
CAL HOLSTEINS,,
DEGROOT DAIRY ,,
DOORNENBAL DAIRY ,,
DRY LAKES DAIRY,,
FRIENDS DAIRY,,
GARY VAN VLIET,,
GEORGE & BRIDGET VANDER WOUDE,,
HAPPY VALLEY DAIRY,,
JAY DEAN BROWN,,
KASPER DAIRY,,
LONE PINE DAIRY,,
PROVIDENCE INVESTMENTS ,,
R7 DAIRY,,
ROCKY BUTTE FARMS ,,
ROGER ROSDAHL,,
RUETH DAIRY,,
S & J DAIRY,,
SANDY FLATS DAIRY ,,
SMITH DAIRY,,
SUNRIDGE DAIRY ,,
VANDENBERG & SON DAIRY,,
WINDMILL DAIRY,,
SUPER VIEW HOLSTEINS ,,
TOONE DAIRY FARM ,,
ACME DAIRY,,
ACME DAIRY ,,
ANDERSEN DAIRY,,
ANTELOPE HILLS ,,
CURTIS GILES,,
DOUBLE EAGLE DAIRY,,
(CONVENTIONAL),,
EAST RIDGE MILK,,
FUNK DAIRY ,,
HEGLAR CREEK DAIRY ,,
IDA GOLD DAIRY,,
IDAHO MAGIC MILK,,
IDAHO MAGIC MILK ,,
K & G ,,
MILLENKAMP CATTLE  D/B/A IDAHO,,
JERSEY GIRLS,,
MOO MOUNTAIN MILK  ,,
NATURE RIDGE ORGANIC DAIRY ,,
OAK VALLEY DAIRY ,,
OAK VALLEY DAIRY ,,
OAK VALLEY DAIRY,,
P BAR S DAIRY,,
ROLLING LEAF FARMS ,,
SKYLINE DAIRY,,
SMITH BROTHERS JERSEYS ,,
SOUTH RIDGE MILK ,,
WARD DAIRY,,
WYBENGA DAIRY,,
WYBENGA DAIRY ,,
Elmore County,,
EDWARD OPPEDYKE DAIRY ,,
SUNVIEW DAIRY ,,
TLK DAIRY ,,
7 Total Producer(s),,
Franklin County,,
69 FARMS ,,
BECKSTEAD JERSEY FARM,,
BINGHAM FARMS ,,
BODILY DAIRY ,,
BOWLES RAFTER 4 DAIRY ,,
CARTER DAIRY,,
CHRISTENSEN DAIRY,,
CIRCLE 7 RANCH  ,,
CIRCLE 7 RANCH  ,,
COX LAND & LIVESTOCK ,,
DIRK BOWLES,,
DOUBLE DIAMOND DAIRY 2 ,,
GITTINS DAIRY,,
H & S DAIRY ,,
HAWARDEN JERSEYS ,,
HULL DAIRY ,,
HYMAS DAIRY ,,
J & S PALMER DAIRY ,,
JAY HURREN,,
JEMS DAIRY ,,
K ELDREDGE DAIRY,,
LINDHARDT BROTHERS DAIRY ,,
LYNN PRICE,,
MC ELDREDGE DAIRY,,
MIKE & TRISTAN GEDDES,,
NORD K WESTOVER,,
RENOWN DAIRY ,,
SMITH'S CREAM PITCHER JERSEYS ,,
STEVE ANDERSON,,
SWAINSTON FARMS,,
TALBOT & SONS,,
TURNBOW FARMS  DBA TURNBOW,,
FARMS,,
TURNBOW FARMS  DBA TURNBOW,,
FARMS 2,,
TWIN RIVERS DAIRY ,,
UDDERWORLD,,
WHEATLEY DAIRY,,
WORKMAN FARMS,,
BISCHOFF DAIRY,,
MIKE LOVELAND,,
GOODSELL JERSEYS,,
HIDDEN VALLEY DAIRY ,,
STEVE RUSSELL DAIRY ,,
ACUNA DAIRY,,
B & S JERSEY'S,,
BEN JOHNSON,,
BETTENCOURT DAIRIES ,,
BETTENCOURT DAIRIES  BARN 1,,
BETTENCOURT DAIRIES 7 BARN ,,
BETTENCOURT DAIRY ,,
BETTENCOURT DAIRY  BARN,,
BETTENCOURT DAIRY  BARN ,,
BETTENCOURT DAIRY  BARN ,,
BETTENCOURT DAIRY ,,
BETTENCOURT DAIRY  BARN ,,
BETTENCOURT DAIRY  BARN ,,
BETTENCOURT DAIRY  BARN ,,
BIG SKY DAIRY NORTH,,
BIG SKY DAIRY WEST,,
BIG SKY JERSEYS,,
BOER DAIRY ,,
BOKMA DAIRIES  ,,
BUSMAN DAIRY,,
CANYONSIDE DAIRY,,
CIOCCA DAIRY,,
CROSSWINDS FARM ,,
DEELSTRA DAIRY,,
DEJONG DAIRY ,,
DEWIT DAIRY ,,
DEWIT DAIRY ,,
DEWIT DAIRY ,,
DIAMOND B DAIRY,,
DINIS DAIRY ,,
DOUBLE V DAIRY ,,
DOUBLE V DAIRY ,,
HURTADO DAIRY ,,
HURTADO DAIRY ,,
J3 DAIRY ,,
J3-2 DAIRY,,
JACK VERBREE JR DAIRY  ,,
JACK VERBREE JR DAIRY  ,,
JACK VERBREE JR DAIRY  ,,
JACK VERBREE JR DAIRY  ,,
JACK VERBREE JR DAIRY  ,,
KENNETH PEARSON,,
L B DAIRY,,
MAGIC VALLEY GROWERS LTD,,
MAGIC VALLEY ORGANIC DAIRY ,,
MANUEL DINIS,,
ON A SHOESTRING DAIRY,,
PR LAND & LIVESTOCK ,,
R & R DAIRY ,,
R & R HOLSTEINS ,,
REITSMA HOLSTEINS,,
RIVERBEND DAIRY,,
RIVERBEND DAIRY ,,
SCARROW DAIRY ,,
SCARROW DAIRY ,,
SCARROW DAIRY ,,
SHADY GROVE DAIRY FARM,,
SILVERLINE FARMS ,,
SNAKE RIVER HOLSTEINS ,,
SOUTH VIEW DAIRY,,
T3 DAIRY,,
TOLEDO & SON DAIRY ,,
TOLEDO DAIRY  ,,
TRIPLE H DAIRY A,,
TRIPLE H DAIRY ,,
TURNER DAIRY ,,
V 4 DAIRY ,,
VAN DYKE DAIRY ,,
VAN DYKE DAIRY ,,
VANDERHAM BROTHERS,,
VEENSTRA HOME DAIRY  ,,
VEENSTRA HOME DAIRY  ,,
73 Total Producer(s),,
Jefferson County,,
DOUBLE L DAIRY,,
FLINT NELSON,,
KETTLE BUTTE DAIRY,,
KORN DAIRY,,
PARADISE GROVE DAIRY,,
SUNVIEW DAIRY ,,
13 Total Producer(s),,
Jerome County,,
BETTENCOURT DAIRY  BARN ,,
C 7 FARMS ,,
DESPERADO DAIRY,,
DOUBLE A DAIRY ,,
DUGAN FAMILY DAIRY ,,
GERMAN DAIRY,,
HURTADO HOLSTEINS BARN ,,
JOE & SANDRA AGUEDA,,
K & W DAIRY,,
MILLENKAMP CATTLE  D/B/A,,
MILLENKAMP MILKERS,,
NELSEN FARMS ,,
PETTERSON DAIRY,,
PITTOCK & SONS DAIRY ,,
PRE DAIRY  ,,
ROLLING ROCK DAIRY FARM ,,
SI-ELLEN ,,
STOUDER HOLSTEINS ,,
SUNRISE ORGANIC DAIRY WEST,,
TONY MARTINS CATTLE,,
TRAUGHBER DAIRY  ,,
UR FARMS,,
VALENCIA DAIRY,,
VAN DYKE DAIRY,,
VAN DYKE DAIRY ,,
VAN STRAALEN DAIRY,,
VANBEEK DAIRY,,
VANBEEK DAIRY ,,
VANBEEK DAIRY ,,
VEENHOUWER DAIRY,,
50 Total Producer(s),,
Latah County,,
UNIVERSITY OF IDAHO DAIRY,,
1 Total Producer(s),,
Loln County,,
4 BROS DAIRY ,,
4 BROS DAIRY  ,,
4 BROS DAIRY  ,,
4 BROS DAIRY  ,,
4 BROS DAIRY  ,,
ANDHER FAMILY ORGANIC DAIRY,,
ASTLE FARMS LLC,,
BOOT JACK II DAIRY ,,
DEVAN HUBERT,,
DONLEY FARMS,,
DOUBLE A DAIRY ,,
DOUBLE A DAIRY  PARLOR 3,,
DOUBLE A DAIRY  PARLOR 4,,
HIDDEN VALLEY DAIRY,,
J & V DAIRY,,
KOLE & BRITTNEI PECK,,
MORNING STAR ORGANIC FARM ,,
RONALD BRAUN,,
US DAIRY,,
19 Total Producer(s),,
Madison County,,
POWELL BROTHERS DAIRY ,,
1 Total Producer(s),,
Minidoka County,,
ANDY BINGHAM,,
BOYD BINGHAM,,
HALVERSON LIVESTOCK,,
HANSEN'S QUALITY JERSEYS,,
HANSEN'S QUALITY JERSEY'S ,,
IDAHO ACRES DAIRY,,
JERSEYLAND DAIRY  ,,
THAIN DAIRY,,
VANDERVEGT DAIRY  ,,
WHITESIDES EAST,,
WHITESIDES SOUTH,,
WHITESIDES WEST,,
12 Total Producer(s),,
Owyhee County,,
DERUYTER DAIRY LLC,,
LAMPMAN DAIRY,,
MIRADA DAIRY,,
NEDEREND DAIRY # 1,,
NORTHSIDE DAIRY,,
OWYHEE DAIRY,,
RAW LIFE FARMS,,
ROCKBOTTOM DAIRY ,,
SEVY DAIRY ,,
VAN ES DAIRY,,
10 Total Producer(s),,
Payette County,,
ALMAR DAIRY,,
DAVIS DAIRY,,
ED VANDEVOORDE,,
KOONCE FARMS,,
MAYO DAIRY,,
SUNNYSIDE FARM ,,
T & T CATTLE,,
T & T PEARL DAIRY,,
TEUNISSEN DAIRY ,,
TEUNISSEN DAIRY ,,
VAN BEEK DAIRY,,
VAN VLIET DAIRY,,
VIS-SIR DAIRY ,,
WITHERS DAIRY,,
14 Total Producer(s),,
Teton County,,
PARADISE SPRINGS FARM,,
RON HANSEN,,
W DIAMOND RANCH ,,
WENDELL & BRUCE BAGLEY,,
WINTER WINDS FARM,,
5 Total Producer(s),,
Twin Falls County,,
AH-ZET (THE DAIRY TEAM),,
ALANIA DAIRY,,
ALVINA KRAL,,
AZEVEDO FAMILY DAIRY,,
BIG SKY DAIRY BUHL,,
BIG SKY DAIRY SOUTH,,
BOKMA DAIRIES  ,,
CANYON VIEW DAIRY,,
CEDAR RIDGE DAIRY  ,,
CEDAR RIDGE DAIRY  ,,
CEDAR RIDGE DAIRY  ,,
CEDAR RIDGE DAIRY  ,,
CLASSIC DAIRY,,
DESERT VIEW DAIRY,,
DRY CREEK DAIRIES  ,,
DRY CREEK DAIRIES  ,,
DRY CREEK DAIRY ,,
DV DAIRY ,,
EAGLE VIEW EAST,,
EAGLE VIEW FARMS ,,
EAGLE VIEW FARMS ,,
ERIK PETERSON,,
ESPERANZA DAIRY-GOATS,,
EVANS DAIRY ,,
FAIRVIEW DAIRY ,,
FAIRVIEW DAIRY ,,
FONTES DAIRY,,
FUNK DAIRY,,
FUNK DAIRY ,,
GOLDUST JERSEY'S,,
HARMONY ORGANIC DAIRY ,,
HARMONY ORGANIC DAIRY  ,,
HD DAIRY ,,
HILLVIEW DAIRY ,,
J & D DAIRY FARMS ,,
KNOTT RUN FARMS ,,
MACHADO DAIRY ,,
NO VIEW DAIRY  ,,
PEREZ DAIRY,,
RED ROCK DAIRY ,,
SCHILDER DAIRY  ,,
STOLTZFUS DAIRY,,
SWAGER FARMS ,,
TERRY UNDERWOOD,,
TRIPLE Y DAIRY,,
WILLIAM BOKMA DAIRY ,,
